layer,z,t_naive_s,m73_dt_s,fan,temp,objects,extrusion_by_object
1,0.2,265.1,480,0,0,278|316|354|403|444|577,278:59.0|316:61.1|354:74.6|403:204.1|444:292.9|577:292.9
2,0.4,192.1,240,153,0,278|316|354|403|444|577,278:55.8|316:59.5|354:74.5|403:169.7|444:292.7|577:292.7
3,0.6,185.2,240,153,0,278|316|354|403|444|577,278:57.4|316:61.1|354:74.5|403:136.4|444:292.7|577:292.7
4,0.8,164.2,240,153,0,278|316|354|403|444|577,278:35.2|316:36.7|354:23.6|403:103.1|444:291.3|577:290.2
5,1.0,49.5,60,170,0,278|316|354|403|444|577,278:34.4|316:34.9|354:23.6|403:69.8|444:15.6|577:35.4
6,1.2,42.7,60,175,0,278|316|354|403|444|577,278:35.1|316:34.9|354:23.6|403:34.5|444:15.6|577:35.4
7,1.4,36.3,60,181,0,278|316|354|444|577,278:33.6|316:35.1|354:23.4|444:15.6|577:36.2
8,1.6,36.3,0,181,0,278|316|354|444|577,278:35.2|316:33.3|354:23.5|444:15.6|577:36.2
9,1.8,36.0,60,181,0,278|316|354|444|577,278:33.5|316:35.1|354:23.6|444:15.6|577:36.2
10,2.0,36.2,60,181,0,278|316|354|444|577,278:35.2|316:34.1|354:23.6|444:15.6|577:36.2
11,2.2,36.1,60,181,0,278|316|354|444|577,278:36.7|316:34.1|354:23.5|444:15.6|577:36.2
12,2.4,36.2,0,181,0,278|316|354|444|577,278:34.3|316:37.3|354:23.5|444:15.6|577:36.2
13,2.6,36.5,60,178,0,278|316|354|444|577,278:35.2|316:34.9|354:23.4|444:15.6|577:36.2
14,2.8,36.2,60,181,0,278|316|354|444|577,278:35.2|316:35.0|354:23.6|444:15.6|577:36.2
15,3.0,36.1,60,181,0,278|316|354|444|577,278:34.4|316:36.5|354:23.6|444:15.6|577:36.2
16,3.2,36.0,60,181,0,278|316|354|444|577,278:31.9|316:34.1|354:23.5|444:15.6|577:36.2
17,3.4,36.2,0,181,0,278|316|354|444|577,278:33.5|316:33.4|354:23.5|444:15.6|577:36.2
18,3.6,36.2,60,181,0,278|316|354|444|577,278:34.5|316:34.1|354:23.4|444:15.6|577:36.2
19,3.8,36.2,60,181,0,278|316|354|444|577,278:33.6|316:33.5|354:23.6|444:15.6|577:36.2
20,4.0,36.2,60,181,0,278|316|354|444|577,278:32.8|316:35.7|354:23.6|444:15.6|577:36.2
21,4.2,36.1,60,181,0,278|316|354|444|577,278:34.3|316:34.1|354:23.5|444:15.6|577:36.2
22,4.4,36.3,0,181,0,278|316|354|444|577,278:34.4|316:36.5|354:23.5|444:15.6|577:36.2
23,4.6,36.2,60,181,0,278|316|354|444|577,278:34.4|316:34.1|354:23.5|444:15.6|577:36.2
24,4.8,36.2,60,181,0,278|316|354|444|577,278:33.6|316:35.9|354:23.6|444:15.6|577:36.2
25,5.0,36.2,60,181,0,278|316|354|444|577,278:34.4|316:34.9|354:23.6|444:15.6|577:36.2
26,5.2,36.3,0,181,0,278|316|354|444|577,278:35.9|316:34.9|354:23.6|444:15.6|577:36.2
27,5.4,36.1,60,181,0,278|316|354|444|577,278:32.7|316:34.9|354:23.4|444:15.6|577:36.2
28,5.6,36.2,60,181,0,278|316|354|444|577,278:35.2|316:33.3|354:23.5|444:15.6|577:36.2
29,5.8,36.1,60,181,0,278|316|354|444|577,278:33.6|316:33.5|354:23.6|444:15.6|577:36.2
30,6.0,36.4,60,181,0,278|316|354|444|577,278:34.4|316:34.1|354:23.6|444:15.6|577:36.9
31,6.2,31.6,0,183,0,278|316|354|577,278:36.7|316:34.1|354:23.5|577:29.6
32,6.4,31.4,60,183,0,278|316|354|577,278:34.3|316:35.7|354:23.5|577:29.6
33,6.6,31.6,60,183,0,278|316|354|577,278:34.4|316:34.9|354:23.4|577:29.6
34,6.8,31.6,60,183,0,278|316|354|577,278:34.3|316:36.6|354:23.6|577:29.6
35,7.0,32.0,0,183,0,278|316|354|577,278:35.2|316:35.7|354:23.6|577:29.6
36,7.2,31.5,60,183,0,278|316|354|577,278:31.9|316:34.1|354:23.5|577:29.6
37,7.4,31.4,60,183,0,278|316|354|577,278:33.5|316:34.3|354:23.5|577:29.6
38,7.6,31.6,0,183,0,278|316|354|577,278:33.6|316:34.1|354:23.4|577:29.6
39,7.8,31.5,60,183,0,278|316|354|577,278:33.6|316:34.2|354:23.6|577:29.6
40,8.0,31.5,60,183,0,278|316|354|577,278:32.7|316:35.6|354:23.6|577:29.6
41,8.2,31.7,0,183,0,278|316|354|577,278:34.3|316:34.1|354:23.5|577:29.6
42,8.4,31.8,60,183,0,278|316|354|577,278:34.4|316:38.2|354:23.5|577:29.6
43,8.6,31.6,60,183,0,278|316|354|577,278:33.6|316:34.2|354:23.5|577:29.6
44,8.8,31.7,60,183,0,278|316|354|577,278:32.8|316:37.4|354:23.6|577:29.6
45,9.0,31.6,0,183,0,278|316|354|577,278:34.4|316:34.1|354:23.6|577:29.6
46,9.2,31.8,60,183,0,278|316|354|577,278:36.0|316:35.0|354:23.6|577:29.6
47,9.4,31.3,60,183,0,278|316|354|577,278:32.8|316:35.7|354:23.4|577:29.6
48,9.6,31.6,0,183,0,278|316|354|577,278:35.2|316:34.1|354:23.5|577:29.6
49,9.8,31.7,60,183,0,278|316|354|577,278:33.7|316:33.5|354:23.6|577:29.6
50,10.0,31.6,60,183,0,278|316|354|577,278:35.2|316:34.1|354:23.6|577:29.6
51,10.2,31.6,0,183,0,278|316|354|577,278:36.7|316:34.1|354:23.5|577:29.6
52,10.4,31.9,60,183,0,278|316|354|577,278:34.4|316:35.8|354:23.5|577:29.6
53,10.6,31.5,60,183,0,278|316|354|577,278:34.4|316:34.1|354:23.4|577:29.6
54,10.8,31.4,60,183,0,278|316|354|577,278:34.4|316:35.7|354:23.6|577:29.6
55,11.0,31.9,0,183,0,278|316|354|577,278:35.2|316:34.9|354:23.6|577:29.6
56,11.2,31.5,60,183,0,278|316|354|577,278:31.9|316:34.1|354:23.5|577:29.6
57,11.4,31.5,60,183,0,278|316|354|577,278:34.3|316:33.4|354:23.5|577:29.6
58,11.6,31.6,0,183,0,278|316|354|577,278:33.6|316:34.1|354:23.4|577:29.6
59,11.8,31.6,60,183,0,278|316|354|577,278:33.6|316:34.3|354:23.6|577:29.6
60,12.0,31.6,60,183,0,278|316|354|577,278:32.8|316:35.7|354:23.6|577:29.6
61,12.2,31.6,0,183,0,278|316|354|577,278:34.3|316:34.1|354:23.5|577:29.6
62,12.4,31.6,60,183,0,278|316|354|577,278:34.3|316:37.3|354:23.5|577:29.6
63,12.6,31.6,60,183,0,278|316|354|577,278:35.2|316:34.1|354:23.5|577:29.6
64,12.8,31.7,60,183,0,278|316|354|577,278:32.7|316:37.4|354:23.6|577:29.6
65,13.0,31.4,0,183,0,278|316|354|577,278:34.4|316:34.9|354:23.6|577:29.6
66,13.2,31.6,60,183,0,278|316|354|577,278:35.9|316:34.9|354:23.6|577:29.6
67,13.4,31.1,60,183,0,278|316|354|577,278:32.7|316:36.5|354:23.4|577:29.6
68,13.6,31.4,0,183,0,278|316|354|577,278:34.3|316:33.3|354:23.5|577:29.6
69,13.8,31.2,60,183,0,278|316|354|577,278:33.5|316:33.5|354:23.6|577:29.6
70,14.0,31.9,60,183,0,278|316|354|577,278:35.2|316:34.9|354:23.6|577:29.6
71,14.2,31.5,0,183,0,278|316|354|577,278:36.8|316:35.0|354:23.5|577:29.6
72,14.4,31.5,60,183,0,278|316|354|577,278:34.4|316:35.7|354:23.5|577:29.6
73,14.6,31.3,60,183,0,278|316|354|577,278:34.4|316:35.0|354:23.4|577:29.6
74,14.8,31.6,60,183,0,278|316|354|577,278:35.2|316:37.5|354:23.6|577:29.6
75,15.0,31.2,0,183,0,278|316|354|577,278:34.4|316:34.9|354:23.6|577:29.6
76,15.2,31.1,60,183,0,278|316|354|577,278:31.9|316:34.1|354:23.5|577:29.6
77,15.4,31.4,60,183,0,278|316|354|577,278:34.4|316:34.2|354:23.5|577:29.6
78,15.6,31.3,0,183,0,278|316|354|577,278:33.6|316:34.1|354:23.4|577:29.6
79,15.8,31.1,60,183,0,278|316|354|577,278:33.6|316:34.3|354:23.6|577:29.6
80,16.0,31.2,60,183,0,278|316|354|577,278:32.7|316:35.6|354:23.6|577:29.6
81,16.2,31.1,0,183,0,278|316|354|577,278:33.5|316:34.1|354:23.5|577:29.6
82,16.4,31.3,60,183,0,278|316|354|577,278:34.3|316:37.5|354:23.5|577:29.6
83,16.6,31.3,60,183,0,278|316|354|577,278:34.4|316:34.1|354:23.5|577:29.6
84,16.8,31.5,60,183,0,278|316|354|577,278:32.8|316:35.9|354:23.6|577:29.6
85,17.0,32.0,0,181,0,278|316|354|577,278:39.4|316:38.9|354:23.6|577:29.6
86,17.2,67.0,120,158,0,278|316|354|577,278:73.6|316:78.2|354:23.6|577:29.6
87,17.4,36.3,0,175,0,278|316|354|577,278:58.2|316:61.1|354:23.4|577:29.6
88,17.6,37.1,60,175,0,278|316|354|577,278:57.4|316:61.1|354:23.5|577:29.6
89,17.8,36.6,60,175,0,278|316|354|577,278:56.6|316:61.1|354:23.6|577:29.6
90,18.0,47.7,120,170,0,278|316|354|577,278:90.1|316:95.4|354:23.6|577:29.6
91,18.2,14.5,0,196,0,354|577,354:23.5|577:29.6
92,18.4,14.4,0,196,0,354|577,354:23.5|577:29.6
93,18.6,14.4,60,196,0,354|577,354:23.4|577:29.6
94,18.8,14.5,0,196,0,354|577,354:23.6|577:29.6
95,19.0,14.5,0,196,0,354|577,354:23.6|577:29.6
96,19.2,14.5,0,196,0,354|577,354:23.5|577:29.6
97,19.4,14.5,60,196,0,354|577,354:23.5|577:29.6
98,19.6,14.4,0,196,0,354|577,354:23.4|577:29.6
99,19.8,14.5,0,196,0,354|577,354:23.6|577:29.6
100,20.0,14.5,60,196,0,354|577,354:23.6|577:29.6
101,20.2,14.4,0,196,0,354|577,354:23.5|577:29.6
102,20.4,14.4,0,196,0,354|577,354:23.5|577:29.6
103,20.6,14.5,60,196,0,354|577,354:23.5|577:29.6
104,20.8,14.4,0,196,0,354|577,354:23.6|577:29.6
105,21.0,14.4,0,196,0,354|577,354:23.6|577:29.6
106,21.2,14.4,0,196,0,354|577,354:23.6|577:29.6
107,21.4,14.4,60,196,0,354|577,354:23.4|577:29.6
108,21.6,14.5,0,196,0,354|577,354:23.5|577:29.6
109,21.8,14.5,0,196,0,354|577,354:23.6|577:29.6
110,22.0,14.5,60,196,0,354|577,354:23.6|577:29.6
111,22.2,14.4,0,196,0,354|577,354:23.5|577:29.6
112,22.4,14.4,0,196,0,354|577,354:23.5|577:29.6
113,22.6,14.4,0,196,0,354|577,354:22.7|577:29.6
114,22.8,14.4,60,196,0,354|577,354:23.6|577:29.6
115,23.0,14.5,0,196,0,354|577,354:23.6|577:29.6
116,23.2,14.5,0,196,0,354|577,354:23.5|577:29.6
117,23.4,14.5,60,196,0,354|577,354:23.5|577:29.6
118,23.6,14.4,0,196,0,354|577,354:23.4|577:29.6
119,23.8,14.7,0,196,0,354|577,354:23.6|577:29.6
120,24.0,14.5,0,196,0,354|577,354:23.6|577:29.6
121,24.2,14.4,60,196,0,354|577,354:23.5|577:29.6
122,24.4,14.4,0,196,0,354|577,354:23.5|577:29.6
123,24.6,14.5,0,196,0,354|577,354:23.4|577:29.6
124,24.8,14.4,60,196,0,354|577,354:22.8|577:29.6
125,25.0,14.4,0,196,0,354|577,354:23.6|577:29.6
126,25.2,14.4,0,196,0,354|577,354:23.6|577:29.6
127,25.4,14.5,0,196,0,354|577,354:23.4|577:29.6
128,25.6,14.5,60,196,0,354|577,354:23.5|577:29.6
129,25.8,14.5,0,196,0,354|577,354:23.6|577:29.6
130,26.0,14.5,0,196,0,354|577,354:23.6|577:29.6
131,26.2,14.4,60,196,0,354|577,354:23.5|577:29.6
132,26.4,14.4,0,196,0,354|577,354:23.5|577:29.6
133,26.6,14.4,0,196,0,354|577,354:23.5|577:29.6
134,26.8,14.7,60,196,0,354|577,354:23.6|577:29.6
135,27.0,14.5,0,196,0,354|577,354:23.6|577:29.6
136,27.2,14.5,0,196,0,354|577,354:23.5|577:29.6
137,27.4,14.5,0,196,0,354|577,354:23.5|577:29.6
138,27.6,14.4,60,196,0,354|577,354:23.4|577:29.6
139,27.8,14.4,0,196,0,354|577,354:23.6|577:29.6
140,28.0,14.5,0,196,0,354|577,354:23.6|577:29.6
141,28.2,14.5,60,196,0,354|577,354:23.5|577:29.6
142,28.4,14.5,0,196,0,354|577,354:23.5|577:29.6
143,28.6,14.5,0,196,0,354|577,354:23.4|577:29.6
144,28.8,14.5,0,196,0,354|577,354:23.6|577:29.6
145,29.0,14.5,60,196,0,354|577,354:23.6|577:29.6
146,29.2,14.5,0,196,0,354|577,354:23.6|577:29.6
147,29.4,14.4,0,196,0,354|577,354:23.4|577:29.6
148,29.6,14.5,60,196,0,354|577,354:23.5|577:29.6
149,29.8,14.4,0,196,0,354|577,354:23.6|577:29.6
150,30.0,14.5,0,196,0,354|577,354:23.6|577:29.6
151,30.2,14.4,0,196,0,354|577,354:23.5|577:29.6
152,30.4,14.4,60,196,0,354|577,354:23.5|577:29.6
153,30.6,14.4,0,196,0,354|577,354:23.5|577:29.6
154,30.8,14.4,0,196,0,354|577,354:23.6|577:29.6
155,31.0,14.5,60,196,0,354|577,354:23.6|577:29.6
156,31.2,14.5,0,196,0,354|577,354:23.5|577:29.6
157,31.4,14.5,0,196,0,354|577,354:23.5|577:29.6
158,31.6,14.4,60,196,0,354|577,354:23.4|577:29.6
159,31.8,14.4,0,196,0,354|577,354:23.6|577:29.6
160,32.0,14.5,0,196,0,354|577,354:23.6|577:29.6
161,32.2,14.4,0,196,0,354|577,354:23.5|577:29.6
162,32.4,14.4,60,196,0,354|577,354:23.5|577:29.6
163,32.6,14.5,0,196,0,354|577,354:23.4|577:29.6
164,32.8,14.4,0,196,0,354|577,354:22.8|577:29.6
165,33.0,14.4,60,196,0,354|577,354:23.6|577:29.6
166,33.2,14.4,0,196,0,354|577,354:23.6|577:29.6
167,33.4,14.5,0,196,0,354|577,354:23.4|577:29.6
168,33.6,14.5,0,196,0,354|577,354:23.5|577:29.6
169,33.8,14.7,60,196,0,354|577,354:23.6|577:29.6
170,34.0,14.8,0,196,0,354|577,354:23.6|577:29.6
171,34.2,17.9,0,193,0,354|577,354:23.5|577:36.4
172,34.4,15.7,60,196,0,354|577,354:23.5|577:36.2
173,34.6,15.8,0,196,0,354|577,354:23.5|577:36.2
174,34.8,15.7,0,196,0,354|577,354:23.6|577:36.2
175,35.0,15.7,60,196,0,354|577,354:23.6|577:36.2
176,35.2,15.8,0,196,0,354|577,354:23.5|577:36.2
177,35.4,15.7,0,196,0,354|577,354:23.5|577:36.2
178,35.6,15.7,60,196,0,354|577,354:23.4|577:36.2
179,35.8,15.7,0,196,0,354|577,354:23.6|577:36.2
180,36.0,15.8,0,196,0,354|577,354:23.6|577:36.2
181,36.2,15.7,0,196,0,354|577,354:23.5|577:36.2
182,36.4,15.7,60,196,0,354|577,354:23.5|577:36.2
183,36.6,15.8,0,196,0,354|577,354:23.4|577:36.2
184,36.8,15.8,0,196,0,354|577,354:23.6|577:36.2
185,37.0,15.8,60,196,0,354|577,354:23.6|577:36.2
186,37.2,16.0,0,196,0,354|577,354:23.6|577:36.2
187,37.4,15.8,0,196,0,354|577,354:23.4|577:36.2
188,37.6,15.8,60,196,0,354|577,354:23.5|577:36.2
189,37.8,15.7,0,196,0,354|577,354:23.6|577:36.2
190,38.0,15.8,0,196,0,354|577,354:23.6|577:36.2
191,38.2,15.7,60,196,0,354|577,354:23.5|577:36.2
192,38.4,15.7,0,196,0,354|577,354:23.5|577:36.2
193,38.6,15.8,0,196,0,354|577,354:23.5|577:36.2
194,38.8,15.7,60,196,0,354|577,354:23.6|577:36.2
195,39.0,16.0,0,196,0,354|577,354:23.6|577:36.2
196,39.2,15.7,0,196,0,354|577,354:22.7|577:36.2
197,39.4,15.8,0,196,0,354|577,354:23.5|577:36.2
198,39.6,15.7,60,196,0,354|577,354:23.4|577:36.2
199,39.8,15.7,0,196,0,354|577,354:23.6|577:36.2
200,40.0,15.8,0,196,0,354|577,354:23.6|577:36.2
201,40.2,13.1,60,196,0,354|577,354:23.5|577:24.1
202,40.4,13.1,0,196,0,354|577,354:23.5|577:24.1
203,40.6,13.1,0,196,0,354|577,354:23.4|577:24.1
204,40.8,13.1,0,196,0,354|577,354:23.6|577:24.1
205,41.0,13.1,60,196,0,354|577,354:23.6|577:24.1
206,41.2,13.1,0,196,0,354|577,354:23.5|577:24.1
207,41.4,14.1,0,196,0,354|577,354:23.4|577:25.2
208,41.6,13.5,60,196,0,354|577,354:23.5|577:25.2
209,41.8,13.8,0,196,0,354|577,354:23.6|577:26.1
210,42.0,13.5,0,196,0,354|577,354:23.6|577:26.1
211,42.2,13.4,0,196,0,354|577,354:23.5|577:26.1
212,42.4,13.4,60,196,0,354|577,354:23.5|577:26.1
213,42.6,13.5,0,196,0,354|577,354:22.7|577:25.2
214,42.8,13.6,0,196,0,354|577,354:23.6|577:25.2
215,43.0,13.6,0,196,0,354|577,354:23.6|577:25.1
216,43.2,13.3,60,196,0,354|577,354:23.5|577:24.1
217,43.4,13.4,0,196,0,354|577,354:23.5|577:24.1
218,43.6,13.3,0,196,0,354|577,354:23.4|577:24.1
219,43.8,13.3,60,196,0,354|577,354:23.6|577:24.1
220,44.0,13.1,0,196,0,354|577,354:23.1|577:24.1
221,44.2,39.5,0,178,0,354,354:101.4
222,44.4,18.5,60,193,0,354,354:74.5
223,44.6,18.5,0,193,0,354,354:74.5
224,44.8,18.5,60,193,0,354,354:74.5
225,45.0,24.6,,0,0,354,354:88.4
